route_id,distance_km,travel_time_min,traffic_level,road_condition,pothole_level,road_damage_level,road_blockage_level,weather_condition,accident_risk,pedestrian_density,vehicle_density,road_width,lighting_condition,historical_risk,route_risk_score
route-0239,7.904,37.506,1,1,0,0,0,2,0.0339,0.1061,0.6144,10.46,0,0.1774,0.193079
route-0156,1.648,4.027,1,0,1,1,1,2,0.0844,0.11,0.4606,13.62,0,0.2168,0.196507
route-0191,4.219,10.519,0,1,0,0,0,2,0.1597,0.259,0.1048,9.04,1,0.0884,0.155117
route-0196,5.613,14.001,0,1,0,0,0,0,0.1112,0.0931,0.0185,9.94,1,0.2119,0.129507
route-0232,5.492,14.695,0,0,1,0,0,0,0.0584,0.2032,0.0,8.67,0,0.171,0.124296
route-0118,4.398,19.199,1,0,1,0,0,2,0.209,0.257,0.5353,10.61,0,0.1971,0.185011
route-0238,1.717,4.483,0,0,0,0,0,1,0.2509,0.0618,0.0,13.65,0,0.2749,0.109657
route-0247,2.231,5.43,0,0,1,1,0,0,0.2227,0.2243,0.0908,13.28,1,0.2519,0.138572
route-0139,6.228,21.313,0,1,0,1,0,2,0.118,0.2687,0.0011,11.2,1,0.1756,0.174077
route-0080,5.671,20.747,0,0,0,0,0,0,0.2358,0.1641,0.029,12.88,0,0.1036,0.111225
route-0249,6.347,18.882,1,0,0,0,0,1,0.2391,0.2431,0.5507,13.83,0,0.1024,0.155884
route-0181,6.583,27.54,1,0,0,0,0,0,0.0719,0.2793,0.4396,12.61,1,0.0562,0.146572
route-0008,2.091,8.084,0,0,0,1,0,2,0.0365,0.1192,0.1191,11.17,1,0.2733,0.142132
route-0245,4.419,10.689,0,0,0,0,0,2,0.277,0.1332,0.1194,11.76,0,0.2418,0.134135
route-0185,2.937,12.311,1,0,0,1,0,1,0.1455,0.0968,0.6025,8.52,0,0.2412,0.165157
route-0036,7.1,33.037,1,0,0,1,0,2,0.0822,0.1344,0.557,9.41,1,0.1272,0.192694
route-0106,4.171,14.298,0,0,1,0,1,0,0.0822,0.2711,0.0726,13.42,1,0.0946,0.142303
route-0117,4.734,14.019,1,0,1,0,0,2,0.2787,0.0669,0.4646,8.62,1,0.1254,0.186136
route-0104,4.805,14.504,0,0,0,0,0,1,0.0699,0.28,0.0,9.77,0,0.2313,0.120178
route-0170,4.483,8.959,0,1,0,0,0,0,0.1254,0.1181,0.0047,11.82,0,0.2117,0.119877
route-0043,5.438,18.802,0,0,0,0,0,1,0.1961,0.2691,0.0,12.29,1,0.0675,0.126699
route-0031,3.422,12.613,0,0,0,1,1,0,0.168,0.1256,0.0834,9.82,1,0.0983,0.142721
route-0192,2.716,9.551,1,1,0,0,0,2,0.0707,0.1198,0.5235,11.92,0,0.1441,0.170629
route-0143,2.392,9.843,0,0,0,1,0,0,0.0461,0.1059,0.0039,12.09,0,0.0816,0.109389
route-0214,1.86,4.973,0,0,0,0,0,0,0.2126,0.0207,0.0889,8.07,0,0.0606,0.100234
route-0029,4.325,17.599,1,0,1,1,0,2,0.0694,0.0315,0.4959,11.12,1,0.2355,0.194543
route-0017,2.136,5.204,0,0,0,0,1,2,0.0756,0.1243,0.0,10.27,0,0.2766,0.139495
route-0114,5.282,22.83,1,0,0,0,0,0,0.1408,0.2008,0.539,12.87,1,0.0645,0.144908
route-0160,4.909,23.144,1,0,0,0,1,0,0.1431,0.2408,0.4662,12.25,1,0.2353,0.164876
route-0032,5.443,24.177,1,0,0,0,0,2,0.0641,0.042,0.5134,11.8,1,0.1271,0.165898
route-0161,5.156,21.532,1,1,1,0,1,0,0.0729,0.1881,0.6029,13.08,0,0.0713,0.190807
route-0213,6.577,23.483,1,1,0,0,0,2,0.1562,0.0884,0.6145,11.77,0,0.1641,0.186871
route-0176,3.504,8.366,1,0,0,0,0,0,0.1367,0.1642,0.4898,8.16,0,0.1314,0.135004
route-0069,4.299,9.215,0,1,0,1,0,0,0.0405,0.2464,0.0363,9.44,0,0.26,0.137867
route-0066,7.775,22.35,1,0,0,0,1,0,0.0575,0.2464,0.6134,8.45,1,0.2298,0.172462
route-0102,4.013,12.978,1,1,1,1,0,1,0.1715,0.0568,0.477,13.81,0,0.2107,0.193898
route-0087,5.855,26.485,1,0,1,0,0,1,0.1012,0.0469,0.5116,8.93,1,0.1609,0.176503
route-0009,1.575,4.727,0,1,1,0,0,0,0.133,0.138,0.1098,13.26,0,0.1106,0.129846
route-0038,6.504,20.232,0,1,0,0,0,1,0.2159,0.2419,0.1098,10.51,0,0.2219,0.148353
route-0203,2.887,5.687,0,0,1,0,1,0,0.2009,0.2324,0.1174,10.53,0,0.0804,0.138446
route-0015,4.146,11.469,0,0,1,0,0,2,0.1414,0.2096,0.0481,13.9,0,0.0726,0.142049
route-0141,4.679,20.182,1,0,1,1,0,1,0.1691,0.1612,0.5971,10.37,0,0.1294,0.186324
route-0101,4.906,15.4,0,0,0,0,1,2,0.1965,0.0336,0.0388,10.01,0,0.1258,0.149328
route-0149,5.749,11.968,0,0,1,0,1,1,0.1254,0.1507,0.0969,12.22,0,0.1215,0.152273
route-0189,5.253,14.404,0,0,0,0,1,0,0.1944,0.1473,0.1125,9.88,0,0.1394,0.129016
route-0201,7.541,15.263,0,0,0,0,1,0,0.2564,0.2494,0.0,13.25,1,0.2516,0.137365
route-0076,5.3,23.623,1,0,1,0,1,0,0.2499,0.166,0.6014,9.33,1,0.0645,0.187139
route-0223,7.068,27.219,0,0,1,0,0,2,0.0327,0.0977,0.0804,9.04,1,0.269,0.160501
route-0237,7.799,34.217,1,0,0,0,1,0,0.2251,0.1703,0.5668,9.35,0,0.1538,0.174515
route-0005,5.632,14.569,1,0,0,0,0,1,0.2635,0.1885,0.534,9.03,1,0.2177,0.163041
route-0126,7.42,28.42,0,0,1,0,0,0,0.1039,0.2044,0.0,13.65,0,0.2558,0.131162
route-0154,6.053,25.319,0,0,0,0,0,2,0.2199,0.2191,0.1152,11.88,0,0.1467,0.141442
route-0248,5.756,16.099,1,0,0,0,1,0,0.1783,0.2004,0.4085,13.34,1,0.1262,0.159795
route-0179,5.563,20.901,0,0,0,0,0,0,0.1064,0.1812,0.0769,9.98,0,0.127,0.111338
route-0217,3.898,16.674,1,1,0,1,0,2,0.1738,0.1483,0.57,9.17,0,0.2571,0.199383
route-0127,3.129,14.112,1,0,1,0,0,0,0.2648,0.0601,0.5449,12.32,1,0.1892,0.157949
route-0092,5.908,25.334,1,1,1,0,0,0,0.276,0.0342,0.445,13.67,0,0.2265,0.177958
route-0171,6.995,28.416,1,1,0,1,0,0,0.2543,0.2,0.5247,9.63,0,0.2626,0.187594
route-0187,1.647,5.387,1,1,0,1,0,0,0.0654,0.0616,0.5232,13.75,1,0.1033,0.159117
route-0053,5.375,21.899,0,1,0,0,1,1,0.2774,0.0994,0.0366,11.66,1,0.2202,0.166832
route-0079,4.382,14.858,0,0,0,1,0,1,0.1235,0.0694,0.0,13.09,0,0.1546,0.128363
route-0060,7.806,21.08,1,1,0,1,1,2,0.0688,0.1141,0.5664,11.75,0,0.2248,0.218316
route-0240,5.011,22.335,1,0,0,0,0,2,0.1629,0.1476,0.412,8.02,1,0.0702,0.170486
route-0137,5.59,24.881,1,0,1,1,0,0,0.1449,0.1563,0.5587,12.65,1,0.1374,0.178672
route-0084,2.464,9.478,0,0,1,1,0,2,0.1579,0.138,0.0332,8.6,1,0.2114,0.164078
route-0105,5.009,14.278,0,1,0,1,0,2,0.0622,0.2361,0.0696,12.85,0,0.0881,0.160699
route-0068,7.486,19.915,0,1,0,0,0,0,0.0633,0.0979,0.0,9.95,0,0.0629,0.126701
route-0221,6.705,20.204,1,0,0,0,0,0,0.0554,0.2202,0.424,8.63,0,0.1534,0.142239
route-0072,5.778,16.374,1,0,1,1,0,2,0.2217,0.0798,0.5764,9.31,0,0.0937,0.198618
route-0113,7.697,15.77,0,0,0,0,1,1,0.2143,0.1128,0.0,9.45,0,0.2011,0.144525
route-0039,5.421,21.721,0,0,0,0,1,2,0.1211,0.1939,0.0756,12.35,0,0.2433,0.153447
route-0037,2.024,5.535,0,0,0,1,0,0,0.1279,0.106,0.0025,8.37,0,0.2416,0.115199
route-0246,7.42,27.276,0,0,0,1,1,1,0.1551,0.2585,0.0,12.2,0,0.1851,0.162177
route-0028,3.311,6.821,0,0,0,1,1,1,0.05,0.2723,0.0,13.78,0,0.1111,0.141224
route-0147,2.71,10.892,1,0,1,1,0,0,0.2426,0.2532,0.5819,11.09,1,0.0699,0.17389
route-0073,6.411,17.933,0,1,0,1,0,1,0.0287,0.1149,0.0,13.46,0,0.1251,0.147868
route-0152,5.223,15.085,0,0,0,1,1,0,0.0734,0.1716,0.0,11.06,1,0.236,0.143545
route-0124,5.22,19.586,1,1,0,1,0,0,0.1235,0.2064,0.5053,10.46,0,0.1442,0.174205
route-0011,1.627,6.496,1,0,0,0,0,0,0.2103,0.2322,0.6152,11.2,0,0.0789,0.133507
route-0130,7.922,25.445,1,0,0,0,0,1,0.1413,0.0895,0.4545,8.58,0,0.1167,0.158878
route-0091,6.404,13.232,0,1,0,0,1,2,0.1778,0.1277,0.0,11.07,0,0.1294,0.168032
route-0168,1.893,7.762,1,1,0,0,0,2,0.0243,0.2078,0.5179,9.72,0,0.1655,0.171022
route-0235,7.03,27.591,0,0,1,0,0,0,0.0566,0.2138,0.0,13.89,0,0.0886,0.126394
route-0014,7.385,25.578,1,0,1,0,0,2,0.1602,0.2081,0.5941,11.46,0,0.1059,0.188952
route-0193,6.116,26.371,1,0,0,0,0,0,0.0285,0.0785,0.4635,12.68,0,0.1801,0.137899
route-0093,3.381,6.671,0,0,0,1,1,0,0.1189,0.203,0.0101,13.0,0,0.2354,0.132797
route-0012,7.655,20.639,0,0,1,1,1,0,0.2164,0.1994,0.0568,10.39,1,0.2045,0.17244
route-0151,4.994,15.048,0,0,1,1,0,2,0.203,0.0403,0.0241,8.37,1,0.176,0.169621
route-0033,6.382,23.96,1,0,0,0,0,0,0.2758,0.1789,0.5691,10.73,0,0.2538,0.151586
route-0212,6.314,13.289,0,0,1,0,0,0,0.2678,0.156,0.0723,12.32,0,0.0884,0.12731
route-0229,3.573,13.431,0,0,0,0,1,1,0.2799,0.2732,0.0,11.94,1,0.1113,0.143127
route-0145,6.2,15.6,0,0,0,0,0,2,0.0684,0.2147,0.0919,9.74,0,0.0586,0.132892
route-0208,5.648,23.104,0,1,0,0,0,0,0.2438,0.1678,0.0,12.1,0,0.2254,0.132444
route-0090,1.699,3.693,0,0,0,0,0,0,0.101,0.1043,0.1071,11.58,0,0.2532,0.096949
route-0075,6.402,21.854,0,1,1,1,1,1,0.2256,0.0236,0.018,10.73,0,0.2048,0.192711
route-0077,7.411,25.262,1,1,0,0,0,0,0.0991,0.1481,0.4214,13.32,0,0.0812,0.158109
route-0023,3.331,6.024,0,1,0,0,0,2,0.2554,0.24,0.0,10.54,0,0.1136,0.146942
route-0219,3.048,14.886,1,0,0,1,0,0,0.2595,0.2533,0.5143,12.21,0,0.1357,0.15432
route-0013,7.347,20.369,1,0,0,0,0,1,0.173,0.0798,0.4484,8.43,0,0.1952,0.15765
route-0098,2.481,9.418,0,0,0,1,0,1,0.0346,0.1519,0.0,10.71,1,0.0631,0.127308
route-0027,2.535,6.987,0,0,0,0,0,0,0.1109,0.2333,0.0917,9.34,0,0.2018,0.103508
route-0044,5.577,15.661,0,1,0,1,0,0,0.1585,0.192,0.0,11.89,0,0.0529,0.13961
route-0100,3.59,17.7,1,1,0,0,1,0,0.2754,0.0419,0.5421,8.23,0,0.2128,0.179474
route-0040,7.875,22.769,0,0,1,1,0,0,0.1314,0.2454,0.0,9.56,1,0.1253,0.152588
route-0184,5.821,20.085,0,1,1,0,1,1,0.0475,0.0456,0.0,12.48,0,0.1783,0.16846
route-0116,3.82,11.425,0,1,0,0,0,1,0.2513,0.2133,0.0968,10.32,0,0.274,0.141617
route-0148,2.701,4.936,0,0,0,0,0,1,0.0812,0.216,0.1099,9.81,0,0.2163,0.113657
route-0210,4.253,13.74,1,0,1,1,0,1,0.1006,0.1529,0.4447,12.85,0,0.1734,0.175938
route-0078,5.858,18.589,1,1,1,1,0,2,0.0457,0.1472,0.4898,13.71,1,0.0575,0.211613
route-0074,2.805,6.556,1,1,1,0,0,1,0.2715,0.0967,0.5915,12.83,0,0.1577,0.180355
route-0177,5.387,21.897,1,0,0,0,1,2,0.2085,0.1655,0.6184,9.46,0,0.1699,0.189784
route-0058,6.839,19.013,0,0,0,1,1,1,0.2792,0.1333,0.0791,13.81,0,0.1581,0.15875
route-0164,4.531,13.639,1,0,0,0,1,2,0.2287,0.2078,0.5676,9.92,0,0.0967,0.183835
route-0194,4.72,11.3,0,1,0,0,0,0,0.1348,0.0768,0.0,12.42,1,0.2003,0.124521
route-0111,4.931,15.938,0,0,0,0,0,0,0.1292,0.2264,0.0006,8.67,0,0.2582,0.11135
route-0188,2.699,11.817,1,0,0,1,0,2,0.1317,0.0212,0.4473,9.67,1,0.2119,0.174984
route-0142,2.452,8.51,0,0,1,0,0,2,0.0867,0.1446,0.0,11.23,1,0.2646,0.144085
route-0018,6.596,15.078,1,0,0,1,1,0,0.0971,0.2719,0.5274,11.25,0,0.222,0.175274
route-0071,4.258,20.837,1,0,0,0,1,2,0.0817,0.1687,0.5265,13.96,0,0.1179,0.176981
route-0157,6.762,15.21,1,1,0,0,0,0,0.1744,0.1361,0.5478,13.23,0,0.1063,0.157469
route-0250,6.334,28.181,1,0,1,0,0,0,0.075,0.2342,0.563,12.56,0,0.2495,0.162651
route-0002,3.012,7.881,0,1,0,1,1,0,0.1732,0.2305,0.0,12.83,0,0.2106,0.152641
route-0183,1.981,5.6,1,1,0,1,1,0,0.2024,0.2312,0.5306,13.49,0,0.0752,0.180586
route-0211,5.623,20.131,0,0,1,0,0,0,0.0424,0.133,0.0,11.65,0,0.1211,0.121624
route-0244,5.223,21.3,0,0,0,0,1,0,0.1685,0.1544,0.0257,13.9,1,0.0839,0.129698
route-0134,5.074,9.685,0,0,0,0,0,1,0.2641,0.2163,0.0,11.05,1,0.165,0.125754
route-0172,3.322,12.752,0,0,0,0,0,0,0.2334,0.2615,0.0,11.38,1,0.1803,0.112241
route-0159,7.907,21.466,0,0,0,0,0,0,0.1965,0.1645,0.0,10.07,1,0.198,0.121634
route-0209,6.507,23.692,0,1,0,0,0,0,0.2599,0.2667,0.0,9.72,0,0.2139,0.138424
route-0026,6.372,15.265,0,0,0,0,0,0,0.2604,0.2234,0.0,12.02,1,0.2191,0.118018
route-0162,2.738,12.849,1,0,1,1,0,0,0.2292,0.1728,0.5477,9.3,0,0.098,0.169933
route-0230,7.462,26.03,0,0,1,0,0,0,0.0815,0.1027,0.0624,10.15,0,0.1861,0.13117
route-0055,3.373,8.587,1,1,0,0,0,1,0.1733,0.229,0.4435,8.69,1,0.1017,0.169981
route-0123,3.45,9.198,0,1,1,1,0,1,0.0783,0.2761,0.0743,9.42,1,0.1636,0.170713
route-0107,5.208,19.241,1,0,0,0,1,0,0.2283,0.056,0.455,11.85,0,0.251,0.158822
route-0242,5.797,14.171,0,1,1,0,0,1,0.116,0.1359,0.0,10.79,0,0.102,0.152145
route-0050,2.745,6.184,1,0,1,1,0,0,0.097,0.1138,0.4665,12.25,0,0.0791,0.157157
route-0158,4.353,16.99,0,0,0,1,0,0,0.1698,0.1701,0.07,12.91,1,0.1045,0.125807
route-0129,4.639,14.048,1,0,0,0,0,0,0.1281,0.1408,0.4748,8.86,0,0.2481,0.139202
route-0220,2.052,5.245,0,1,0,1,1,0,0.1676,0.1331,0.1121,9.42,1,0.11,0.156533
route-0231,3.786,9.829,0,1,0,0,0,0,0.0299,0.0346,0.0324,8.12,0,0.1599,0.118079
route-0136,4.798,22.041,1,1,1,0,1,0,0.1061,0.0485,0.4916,9.85,0,0.2567,0.192647
route-0109,1.673,6.189,0,0,1,0,0,2,0.1175,0.0273,0.1048,13.04,0,0.1995,0.135493
route-0089,6.891,26.993,1,0,0,0,0,1,0.0216,0.2462,0.5246,10.4,0,0.0826,0.156125
route-0110,2.394,10.015,1,0,1,0,1,2,0.0214,0.0406,0.4563,13.01,1,0.1762,0.186549
route-0150,7.455,25.775,1,0,1,0,0,0,0.0598,0.2144,0.5333,10.5,0,0.1763,0.162879
route-0233,1.971,5.957,1,1,0,0,0,1,0.2737,0.2104,0.4961,11.84,0,0.1621,0.163747
route-0234,6.097,22.841,1,0,1,1,0,2,0.2108,0.0966,0.4391,8.01,0,0.2115,0.202338
route-0225,7.594,28.412,0,1,1,0,0,0,0.0714,0.188,0.078,8.55,0,0.2449,0.154275
route-0202,3.843,7.795,0,0,1,1,0,0,0.1827,0.2088,0.0662,10.58,0,0.071,0.135734
route-0287,11.985,34.425,1,1,2,1,2,1,0.5099,0.4626,0.451,4.8,1,0.3182,0.437984
route-0446,8.356,29.756,1,1,0,0,1,3,0.5059,0.5262,0.4606,11.78,1,0.3929,0.359875
route-0481,8.798,36.688,1,1,1,1,0,1,0.4632,0.3117,0.5632,9.33,1,0.2518,0.345981
route-0260,5.483,26.975,1,2,1,0,2,3,0.3615,0.5074,0.4592,11.94,1,0.3359,0.419246
route-0459,11.872,58.203,1,1,1,0,2,1,0.2848,0.4491,0.5989,6.81,1,0.2988,0.397769
route-0376,9.092,35.071,1,1,1,0,0,1,0.4212,0.2482,0.6039,9.95,2,0.5131,0.332128
route-0488,7.994,39.451,2,0,1,1,2,1,0.3636,0.4606,1.0,6.95,1,0.4347,0.422113
route-0399,8.652,36.927,1,2,1,2,2,1,0.3088,0.2658,0.571,10.16,0,0.4668,0.434007
route-0284,5.958,18.552,2,1,0,0,0,2,0.5156,0.4455,0.9581,4.97,1,0.4596,0.358628
route-0318,8.238,30.32,1,1,0,1,1,2,0.3595,0.2861,0.424,9.78,2,0.4974,0.361787
route-0280,11.814,56.02,1,0,2,2,2,2,0.2512,0.463,0.5638,7.75,2,0.4038,0.459883
route-0262,6.517,20.728,1,2,0,1,2,3,0.3589,0.5386,0.5197,4.78,2,0.2958,0.433216
route-0413,10.258,28.591,2,1,1,1,2,2,0.3979,0.442,1.0,4.59,1,0.2674,0.464394
route-0396,5.272,26.616,2,0,1,2,1,2,0.4573,0.4195,0.9531,5.27,1,0.4689,0.425854
route-0370,13.651,37.922,1,2,1,1,0,1,0.2999,0.4716,0.5791,6.5,1,0.3988,0.387246
route-0391,11.183,32.514,1,1,2,0,0,2,0.4059,0.323,0.652,6.91,0,0.2939,0.365622
route-0450,7.773,22.569,2,0,1,2,2,3,0.3279,0.4859,1.0,7.68,2,0.491,0.472608
route-0397,7.933,35.135,1,1,2,2,2,3,0.4176,0.4008,0.6732,7.38,1,0.3354,0.482712
route-0489,10.772,48.219,1,2,1,0,1,2,0.3347,0.2471,0.461,8.37,1,0.5115,0.401637
route-0381,11.224,33.148,1,2,1,0,0,2,0.3495,0.345,0.4376,7.7,1,0.3941,0.368075
route-0482,12.04,33.621,1,0,1,1,0,3,0.4314,0.5123,0.5232,10.8,1,0.476,0.364731
route-0372,13.719,46.916,1,2,1,1,0,1,0.5003,0.5453,0.6455,8.17,1,0.331,0.402353
route-0304,11.017,41.453,1,2,2,2,0,1,0.2779,0.5396,0.5847,6.55,1,0.4477,0.431131
route-0277,5.002,20.776,1,1,1,2,1,2,0.4705,0.4986,0.5063,10.26,0,0.408,0.391376
route-0382,6.211,25.305,1,1,2,1,2,2,0.2795,0.4608,0.5835,11.9,0,0.3754,0.41452
route-0386,10.12,36.884,1,1,1,1,1,3,0.4653,0.4331,0.5452,9.2,2,0.4898,0.423745
route-0333,9.688,26.974,2,2,1,1,0,2,0.4287,0.5303,1.0,5.1,1,0.2867,0.439471
route-0266,5.437,22.107,1,0,0,0,2,1,0.37,0.2608,0.4857,9.76,2,0.2975,0.308934
route-0400,10.948,52.45,2,1,2,2,0,2,0.3309,0.4821,1.0,11.39,1,0.5023,0.468001
route-0468,7.077,16.962,1,0,0,0,0,3,0.5125,0.3463,0.5966,5.65,0,0.4142,0.3
route-0268,13.758,33.525,1,2,1,1,0,3,0.4358,0.3786,0.481,4.6,1,0.2649,0.420537
route-0500,9.367,50.169,2,0,1,0,1,1,0.4844,0.2796,0.9638,8.32,1,0.3164,0.380022
route-0256,10.344,30.724,1,1,0,2,0,2,0.423,0.5043,0.4879,9.83,1,0.4899,0.365788
route-0329,10.059,37.328,1,2,0,1,0,2,0.3787,0.4279,0.537,7.01,1,0.3411,0.372097
route-0456,7.625,31.06,1,1,1,0,2,2,0.4856,0.4929,0.5981,6.76,1,0.4319,0.401177
route-0483,10.139,33.677,1,1,2,0,0,1,0.3389,0.4128,0.5214,10.11,1,0.3061,0.344954
route-0355,6.997,30.933,1,0,1,1,0,1,0.346,0.2657,0.5154,8.87,2,0.3052,0.312748
route-0300,6.994,30.97,2,1,1,1,2,2,0.375,0.3384,0.9994,8.64,2,0.2892,0.456401
route-0458,12.484,47.646,1,2,2,0,0,2,0.3795,0.3228,0.5143,10.63,0,0.4891,0.398115
route-0494,7.119,33.889,2,1,1,2,0,1,0.286,0.3267,1.0,9.65,2,0.4397,0.408093
route-0392,7.872,27.454,2,0,1,1,0,2,0.2541,0.4256,1.0,6.05,0,0.3381,0.366361
route-0369,6.243,30.461,1,2,1,1,1,1,0.2997,0.497,0.4578,4.72,0,0.3292,0.384466
route-0438,13.041,41.142,1,0,1,2,1,2,0.4175,0.3308,0.6624,8.36,0,0.4948,0.397655
route-0273,10.502,44.423,1,2,2,0,1,3,0.2671,0.4361,0.4232,11.01,0,0.3869,0.428
route-0285,9.871,31.633,1,2,0,1,2,3,0.3879,0.483,0.601,9.7,1,0.2532,0.435375
route-0478,11.871,44.246,1,0,1,2,0,3,0.503,0.3958,0.5797,10.27,1,0.3614,0.393139
route-0366,5.792,17.261,1,2,0,0,0,2,0.3823,0.4656,0.4248,9.63,1,0.3395,0.322688
route-0479,10.641,48.095,1,1,2,1,0,2,0.4779,0.3554,0.6436,11.33,1,0.4175,0.402896
route-0337,12.338,34.285,1,1,1,2,2,1,0.5057,0.3774,0.4224,7.73,2,0.322,0.435834
route-0263,5.127,13.315,1,1,0,0,2,2,0.4373,0.3336,0.4535,7.38,1,0.4048,0.348906
route-0408,10.664,30.962,1,0,1,0,1,3,0.2842,0.2454,0.6238,6.39,0,0.4124,0.351736
route-0384,7.094,22.092,1,1,0,0,0,3,0.4491,0.2884,0.58,7.61,0,0.2527,0.317071
route-0254,10.864,31.548,1,0,2,1,2,2,0.3104,0.4208,0.6652,9.85,0,0.4386,0.409237
route-0312,12.106,39.822,2,1,0,2,0,2,0.4568,0.5203,0.9418,8.99,2,0.3922,0.427539
route-0390,6.712,36.857,2,1,1,1,0,2,0.4456,0.3716,1.0,8.42,1,0.2412,0.404578
route-0335,7.558,18.945,1,1,1,0,0,2,0.4833,0.3742,0.6464,11.51,1,0.3936,0.331859
route-0327,11.77,31.535,1,2,1,2,0,2,0.4698,0.4579,0.6291,8.67,1,0.4798,0.425251
route-0467,12.543,50.739,2,1,1,2,1,3,0.5166,0.3888,0.9583,7.91,2,0.2742,0.49
route-0314,10.082,41.558,1,2,1,2,2,3,0.35,0.4031,0.486,6.8,1,0.3364,0.486654
route-0252,11.342,41.8,1,1,2,2,2,1,0.3153,0.3813,0.536,11.7,0,0.3729,0.439249
route-0419,13.459,74.024,2,2,2,2,2,1,0.2509,0.5349,1.0,8.12,1,0.3988,0.49
route-0311,9.783,43.007,1,0,2,1,2,1,0.391,0.3422,0.4313,8.47,2,0.3043,0.404856
route-0354,8.376,24.915,1,1,2,2,1,1,0.5154,0.4166,0.5546,11.95,0,0.3245,0.405061
route-0278,8.27,21.481,2,0,0,1,0,2,0.4741,0.5383,0.9959,8.41,1,0.4366,0.357475
route-0349,7.898,27.733,1,0,0,1,0,1,0.2789,0.2832,0.4283,9.31,1,0.3488,0.3
route-0270,12.867,39.306,1,1,1,2,2,1,0.4798,0.5138,0.4225,5.54,0,0.4212,0.434599
route-0469,5.689,28.113,2,2,1,1,2,3,0.3863,0.399,1.0,8.55,2,0.2449,0.49
route-0269,10.167,51.874,2,1,0,0,2,1,0.424,0.3707,1.0,6.48,1,0.254,0.412937
route-0298,11.759,32.626,2,0,1,0,1,1,0.4459,0.3808,1.0,5.46,1,0.4235,0.381694
route-0265,5.172,18.818,1,1,1,0,2,2,0.349,0.4347,0.4297,11.07,0,0.3116,0.360949
route-0334,5.574,18.146,2,0,0,2,2,1,0.3209,0.2712,1.0,11.14,0,0.3266,0.379543
route-0485,13.67,38.314,1,1,2,1,1,1,0.4772,0.4385,0.6646,9.68,0,0.4609,0.411087
route-0471,8.876,43.257,1,2,2,0,2,3,0.3785,0.5019,0.5517,7.44,2,0.3785,0.477648
route-0347,6.68,28.867,1,1,2,1,2,2,0.3934,0.3683,0.633,8.56,0,0.3671,0.426406
route-0394,8.527,29.513,2,1,1,1,0,1,0.4033,0.2507,1.0,9.74,2,0.2672,0.386504
route-0430,7.262,31.826,2,0,0,0,2,2,0.4621,0.3801,0.9502,11.21,1,0.442,0.382706
route-0380,5.496,21.185,1,0,1,0,2,2,0.4985,0.2362,0.5284,5.84,1,0.4282,0.357455
route-0330,13.387,40.759,1,1,0,2,0,2,0.4058,0.4345,0.56,11.85,1,0.3197,0.372048
route-0385,12.254,39.772,1,0,1,1,1,1,0.3311,0.4015,0.6194,5.35,1,0.3333,0.360391
route-0346,8.948,23.815,1,0,2,1,2,2,0.4926,0.3801,0.5338,6.71,1,0.4352,0.414682
route-0326,10.229,33.867,1,1,1,1,2,2,0.3227,0.5363,0.5092,5.88,1,0.3587,0.421514
route-0417,13.815,32.196,1,2,1,2,0,2,0.309,0.4323,0.6573,9.87,2,0.2689,0.423578
route-0279,6.477,19.956,1,2,0,1,2,2,0.2826,0.5012,0.4761,10.68,1,0.2934,0.394952
route-0440,9.857,28.078,2,1,1,1,1,2,0.3248,0.2409,1.0,8.15,2,0.3875,0.43252
route-0423,13.461,33.567,1,1,0,0,2,2,0.4265,0.3755,0.6587,4.84,2,0.4364,0.396714
route-0258,11.373,28.277,1,1,1,2,2,2,0.4783,0.4974,0.6479,5.86,1,0.2673,0.449946
route-0325,9.732,30.519,2,2,0,1,1,2,0.5137,0.4504,1.0,9.67,2,0.2433,0.445116
route-0477,10.098,39.658,2,2,1,1,0,2,0.3669,0.3982,0.972,7.52,1,0.415,0.440761
route-0499,6.338,26.188,1,1,0,2,1,2,0.3678,0.5484,0.6611,4.81,2,0.3398,0.393863
route-0497,12.901,40.576,1,0,1,2,0,2,0.3346,0.5429,0.5498,11.8,0,0.3187,0.361573
route-0302,5.33,14.927,1,2,1,1,1,2,0.2861,0.3854,0.4435,7.23,1,0.243,0.387155
route-0476,12.563,36.41,1,1,1,0,1,3,0.4186,0.5361,0.6066,8.84,1,0.4057,0.401574
route-0282,7.648,37.499,1,1,2,1,2,2,0.3042,0.426,0.4956,7.09,1,0.4283,0.437724
route-0480,7.402,36.502,1,1,1,1,1,2,0.2905,0.2291,0.6272,6.83,0,0.3759,0.377229
route-0498,8.871,20.179,1,1,1,2,0,2,0.4562,0.2699,0.6418,9.43,2,0.4635,0.385535
route-0375,13.133,40.806,2,2,0,0,0,2,0.3617,0.3688,0.9665,8.93,2,0.4395,0.406453
route-0319,11.535,26.865,1,1,1,1,2,2,0.501,0.4097,0.4879,7.55,2,0.2698,0.4265
route-0251,9.637,45.524,1,0,1,2,0,1,0.302,0.4949,0.6376,6.37,1,0.3678,0.354956
route-0361,11.163,43.191,1,0,2,2,1,2,0.3366,0.416,0.4263,6.79,1,0.5165,0.420257
route-0348,9.554,31.381,1,0,1,1,1,1,0.3013,0.4455,0.6191,5.66,2,0.3193,0.354663
route-0338,5.065,19.728,1,1,2,2,1,2,0.443,0.4332,0.6354,6.15,1,0.2622,0.424451
route-0401,13.236,32.225,1,0,2,1,1,1,0.4933,0.5394,0.4202,8.7,1,0.514,0.386091
route-0267,5.084,26.244,2,0,1,1,1,1,0.3263,0.479,1.0,9.07,0,0.4578,0.371002
route-0341,8.782,45.621,2,1,2,0,1,1,0.2651,0.476,0.9386,8.03,1,0.2938,0.420067
route-0367,13.964,67.648,1,0,1,2,0,2,0.291,0.5161,0.5908,5.16,1,0.347,0.396159
route-0436,5.882,20.252,2,1,0,0,2,3,0.2858,0.3176,1.0,5.18,1,0.3743,0.414253
route-0315,11.622,37.492,1,1,2,1,0,2,0.4622,0.4843,0.5796,9.63,2,0.2546,0.404794
route-0448,8.615,31.434,1,2,1,0,1,1,0.4075,0.2933,0.6633,6.58,1,0.2463,0.375815
route-0316,10.723,41.42,1,1,2,2,0,1,0.3099,0.2464,0.4298,7.38,1,0.5156,0.394446
route-0418,10.142,36.345,1,2,0,2,0,1,0.4294,0.3079,0.602,11.28,0,0.4009,0.365566
route-0321,6.046,24.377,1,2,1,1,1,3,0.3895,0.2232,0.6364,6.36,1,0.266,0.419345
route-0344,7.921,22.404,1,1,0,2,0,1,0.4069,0.4479,0.599,5.66,0,0.4558,0.337129
route-0429,6.973,18.95,1,1,0,1,0,2,0.3843,0.2727,0.6599,4.91,2,0.342,0.336322
route-0275,5.491,17.934,1,2,2,1,0,3,0.315,0.5401,0.4331,6.17,1,0.4201,0.414621
route-0486,9.975,44.428,1,1,0,1,1,3,0.4956,0.3497,0.6743,6.42,0,0.2653,0.393562
route-0393,6.274,14.856,1,1,1,0,1,2,0.2637,0.2296,0.6549,4.88,2,0.3474,0.353723
route-0442,11.274,28.41,2,1,1,0,1,3,0.378,0.3586,1.0,4.66,1,0.2929,0.43347
route-0363,6.329,18.079,1,0,1,0,1,3,0.2561,0.289,0.5599,6.03,2,0.3865,0.345159
route-0377,6.439,31.917,2,0,1,1,2,2,0.4846,0.279,1.0,7.65,1,0.3267,0.428882
route-0451,10.285,29.807,1,1,1,1,1,2,0.502,0.4149,0.5177,4.55,0,0.4189,0.394745
route-0257,6.349,14.12,1,0,2,1,2,2,0.427,0.5492,0.4875,7.64,0,0.3487,0.393475
route-0410,13.706,33.614,1,2,2,2,0,3,0.3069,0.4623,0.5097,9.32,1,0.4515,0.460104
route-0426,9.981,45.666,2,1,0,1,0,3,0.2542,0.3807,0.9217,5.85,1,0.265,0.404423
route-0388,12.567,35.15,1,2,1,2,0,1,0.4404,0.3238,0.4282,7.6,1,0.3792,0.401475
route-0495,11.625,48.052,1,0,0,0,0,2,0.3772,0.3369,0.5777,9.53,1,0.4646,0.306316
route-0484,6.299,25.558,1,1,1,2,1,2,0.3824,0.3437,0.6667,6.87,0,0.3587,0.397189
route-0364,9.347,20.074,1,0,2,0,1,2,0.3267,0.4804,0.5807,4.9,0,0.4233,0.357516
route-0455,10.177,23.02,1,1,0,1,1,3,0.3465,0.2375,0.5139,9.27,1,0.5074,0.373464
route-0472,10.552,32.61,1,1,1,0,0,1,0.476,0.3351,0.6129,4.7,1,0.4896,0.339033
route-0490,11.868,43.293,2,1,2,2,2,2,0.2968,0.4157,1.0,6.61,1,0.2636,0.49
route-0395,10.8,42.417,2,2,1,1,0,2,0.3559,0.4509,1.0,10.42,1,0.4871,0.443039
route-0360,8.91,29.777,1,1,2,1,1,3,0.4015,0.549,0.5563,6.32,1,0.3146,0.434831
route-0404,6.222,23.869,1,2,2,2,2,2,0.3875,0.4022,0.537,7.16,2,0.292,0.481434
route-0441,11.388,33.087,1,2,1,0,0,3,0.2716,0.5163,0.495,11.67,0,0.2706,0.373688
route-0368,10.512,28.35,1,2,1,1,1,2,0.3713,0.2635,0.5896,8.86,1,0.4315,0.413018
route-0465,12.57,40.809,1,2,1,2,0,1,0.5036,0.3413,0.4233,9.56,2,0.4282,0.413088
route-0432,5.489,15.716,2,1,1,2,0,3,0.2868,0.4575,1.0,11.82,1,0.2966,0.418539
route-0379,10.3,31.429,2,2,2,2,0,1,0.4882,0.3118,1.0,10.65,1,0.2981,0.461378
route-0473,5.876,14.386,1,1,2,1,0,2,0.3133,0.323,0.4421,9.66,1,0.4833,0.360699
route-0306,12.985,36.051,1,1,2,1,0,1,0.3071,0.2817,0.5142,9.88,1,0.2731,0.368964
route-0343,13.651,53.463,1,1,0,0,1,3,0.3037,0.5129,0.6446,6.13,1,0.2716,0.387499
route-0339,9.649,33.939,1,1,1,2,0,1,0.2869,0.2564,0.5384,7.9,1,0.4361,0.363186
route-0271,13.051,43.308,1,0,1,1,0,1,0.3581,0.3707,0.6373,9.67,2,0.3739,0.340584
route-0421,10.947,38.419,1,2,0,1,1,1,0.4485,0.2662,0.4702,9.9,2,0.406,0.384372
route-0389,9.067,32.099,1,1,1,1,0,2,0.46,0.5214,0.5354,4.69,0,0.3751,0.367865
route-0305,10.131,51.012,2,2,1,0,2,2,0.5126,0.2936,1.0,10.63,2,0.3366,0.483823
route-0292,13.745,60.987,1,0,1,1,2,3,0.3055,0.4935,0.6484,10.06,0,0.3619,0.427557
route-0403,12.59,61.504,1,2,1,1,2,2,0.2531,0.434,0.4574,11.14,1,0.4242,0.457371
route-0416,11.23,26.06,1,1,1,0,1,1,0.3549,0.5487,0.4871,10.6,2,0.2898,0.353403
route-0415,13.62,58.604,1,1,2,1,0,2,0.3295,0.438,0.4397,7.9,1,0.5187,0.413026
route-0535,12.696,33.096,2,1,2,1,2,2,0.6197,0.6361,1.0,3.92,1,0.6856,0.625454
route-0682,16.331,47.509,2,2,2,1,3,2,0.6838,0.6335,1.0,4.03,2,0.5838,0.721905
route-0598,9.379,45.936,2,2,2,2,2,2,0.731,0.5111,1.0,5.7,2,0.7369,0.695672
route-0673,12.074,49.717,2,1,2,1,3,3,0.6943,0.5345,1.0,3.67,1,0.6182,0.69178
route-0708,13.639,63.362,2,2,1,2,1,3,0.6116,0.6844,1.0,8.87,1,0.7591,0.666212
route-0541,12.82,49.539,1,1,1,2,2,2,0.6088,0.5251,0.5328,5.65,1,0.5889,0.570533
route-0583,18.036,73.288,1,1,2,2,2,3,0.6592,0.669,0.7036,6.82,2,0.6656,0.677444
route-0509,14.034,47.691,1,2,2,2,2,2,0.6457,0.6972,0.5348,7.71,1,0.7242,0.64274
route-0680,14.779,39.053,2,1,1,2,2,2,0.7786,0.5048,1.0,9.22,1,0.7618,0.630675
route-0591,14.229,45.911,2,1,3,2,2,2,0.5511,0.7163,1.0,9.04,2,0.6362,0.694233
route-0613,18.552,65.824,2,1,1,2,3,2,0.6887,0.7763,1.0,9.06,1,0.6588,0.697232
route-0596,10.753,51.054,2,2,3,1,2,2,0.7598,0.6257,1.0,7.82,2,0.6658,0.706296
route-0640,9.89,29.883,2,2,2,2,2,2,0.6367,0.7713,1.0,3.68,1,0.7629,0.683016
route-0748,12.02,41.09,2,1,3,2,3,2,0.7266,0.57,1.0,4.3,2,0.6201,0.73025
route-0604,15.06,49.722,1,2,2,3,1,2,0.551,0.7413,0.6472,5.43,1,0.643,0.643449
route-0631,15.585,68.005,2,2,2,3,2,2,0.5768,0.5342,1.0,8.91,1,0.6017,0.732806
route-0595,13.111,37.784,2,2,1,2,2,2,0.6246,0.6766,1.0,9.01,2,0.7274,0.662393
route-0539,14.594,65.289,1,1,2,3,3,2,0.7014,0.6489,0.7098,4.79,1,0.5973,0.695396
route-0534,16.045,45.057,2,1,2,3,2,2,0.5861,0.6565,1.0,3.77,2,0.746,0.707772
route-0529,17.903,46.616,2,2,2,2,3,2,0.5754,0.5168,1.0,7.08,2,0.6315,0.738567
route-0644,17.14,83.549,2,1,2,3,2,2,0.5683,0.7044,1.0,4.07,2,0.5632,0.737854
route-0747,13.321,38.15,1,2,2,1,2,2,0.7367,0.6784,0.5641,9.28,1,0.5726,0.604714
route-0589,9.682,36.053,2,1,3,2,2,2,0.5892,0.5051,0.9771,4.91,1,0.673,0.668192
route-0739,9.208,39.59,2,1,2,1,3,2,0.6841,0.6367,1.0,3.71,1,0.7384,0.659429
route-0656,14.023,33.396,1,1,2,2,1,2,0.5588,0.7773,0.7009,5.77,1,0.6918,0.571087
route-0633,14.375,66.091,2,1,3,3,1,3,0.674,0.7293,1.0,7.9,2,0.5977,0.736117
route-0650,9.089,36.214,2,2,2,1,3,3,0.6445,0.7557,0.9519,8.0,1,0.6075,0.700296
route-0654,10.555,52.053,2,1,2,1,3,2,0.7746,0.7065,1.0,4.88,1,0.6618,0.676874
route-0701,15.888,70.8,1,2,2,3,1,3,0.5957,0.7024,0.6062,3.94,2,0.7027,0.697095
route-0575,9.782,48.483,2,1,1,1,1,2,0.6756,0.5935,1.0,4.63,1,0.7214,0.568684
route-0594,12.234,56.663,1,2,2,1,2,2,0.6006,0.6842,0.5252,7.06,1,0.5601,0.611619
route-0573,14.506,47.611,1,1,2,3,3,2,0.6843,0.6303,0.6177,5.77,1,0.6575,0.675806
route-0518,17.445,70.818,2,1,2,1,3,2,0.5899,0.5438,1.0,8.16,1,0.7669,0.691978
route-0567,12.398,34.841,2,1,2,2,1,2,0.7594,0.5059,1.0,5.46,1,0.7311,0.622765
route-0744,15.124,64.576,2,2,2,2,1,2,0.7633,0.5412,1.0,6.4,1,0.6166,0.684312
route-0705,12.522,57.613,2,2,2,1,1,2,0.6358,0.6548,0.9939,5.83,1,0.6156,0.641341
route-0508,14.685,39.868,2,1,1,1,3,2,0.5717,0.685,1.0,4.65,1,0.6086,0.634849
route-0584,11.754,49.508,1,1,3,1,2,3,0.6709,0.7549,0.6874,5.99,1,0.6825,0.640139
route-0586,14.686,59.607,2,1,2,2,2,3,0.6171,0.7566,1.0,7.7,2,0.6,0.705087
route-0677,13.993,37.329,2,2,1,1,1,3,0.6237,0.6094,1.0,8.11,1,0.66,0.615632
route-0746,17.341,72.832,1,2,2,2,2,3,0.7705,0.657,0.7075,7.64,2,0.5828,0.710616
route-0618,16.968,47.379,2,2,2,3,1,2,0.6744,0.5681,0.996,9.14,2,0.711,0.70394
route-0724,15.014,84.136,2,2,2,1,2,2,0.7302,0.6612,0.9513,6.0,2,0.5801,0.713961
route-0538,18.002,51.342,2,1,3,2,3,2,0.7127,0.6602,1.0,7.6,1,0.679,0.74
route-0559,10.018,32.17,1,1,2,3,2,2,0.723,0.5653,0.6119,7.29,2,0.5524,0.62092
route-0556,18.17,55.795,1,1,2,2,1,3,0.5722,0.6344,0.6682,6.85,2,0.694,0.624022
route-0693,13.548,66.318,1,2,2,1,2,3,0.6313,0.5199,0.6419,5.99,1,0.7768,0.652406
route-0614,13.295,52.374,2,2,2,2,2,3,0.637,0.516,1.0,5.15,1,0.573,0.717021
route-0572,14.812,54.347,2,1,2,2,1,2,0.6411,0.5857,1.0,6.71,1,0.7652,0.639828
route-0741,13.588,77.352,2,2,2,3,1,2,0.6694,0.6791,0.9899,5.67,2,0.6007,0.725817
route-0593,9.44,26.372,2,1,2,2,3,3,0.6937,0.7616,1.0,5.78,1,0.6035,0.696116
route-0576,17.454,60.403,1,1,2,1,2,2,0.7301,0.6131,0.5596,6.77,1,0.7007,0.606352
route-0599,11.29,50.045,2,2,2,2,1,3,0.7585,0.6862,1.0,7.47,1,0.7155,0.688817
route-0719,12.116,37.844,1,2,3,3,2,3,0.6125,0.5892,0.479,5.49,2,0.5959,0.710356
route-0695,18.52,45.817,2,1,3,3,2,3,0.6927,0.6803,1.0,4.59,1,0.7389,0.74
route-0642,12.452,32.631,2,2,3,2,2,2,0.6681,0.5435,0.9841,5.46,2,0.7191,0.720143
route-0671,13.025,64.626,2,1,1,1,2,2,0.5753,0.5038,1.0,9.08,1,0.5804,0.603598
route-0562,18.597,49.005,2,2,2,2,2,2,0.6289,0.6033,0.9522,6.81,2,0.706,0.71627
route-0726,16.746,42.595,2,1,3,2,3,2,0.7452,0.7708,0.9828,5.43,1,0.6921,0.74
route-0581,12.046,35.517,1,1,2,1,3,3,0.5562,0.5557,0.6961,5.51,1,0.5974,0.618115
route-0713,16.263,46.324,2,2,1,2,1,2,0.5553,0.7757,1.0,3.72,2,0.7633,0.654662
route-0506,17.11,69.548,2,1,3,3,1,2,0.6286,0.6298,1.0,7.46,2,0.5857,0.719169
route-0551,15.252,69.12,2,1,2,3,2,2,0.6634,0.6971,1.0,3.05,1,0.7764,0.724918
route-0621,13.37,42.322,1,1,2,1,2,2,0.5705,0.7074,0.703,7.84,1,0.5767,0.574067
route-0717,11.17,38.075,2,1,2,1,3,3,0.6115,0.6348,1.0,5.27,1,0.6768,0.67693
route-0592,9.914,47.698,2,1,1,2,1,3,0.5645,0.7684,0.9761,8.43,2,0.7027,0.61724
route-0548,9.159,24.847,2,1,1,3,1,2,0.5899,0.6556,1.0,6.18,2,0.6403,0.602865
route-0503,15.562,58.356,2,2,2,2,1,3,0.6243,0.5155,0.9691,9.19,1,0.6377,0.688057
route-0683,11.45,49.658,1,2,2,2,2,3,0.7221,0.6956,0.5309,5.67,1,0.6276,0.66457
route-0565,11.303,40.873,2,1,2,3,3,2,0.6365,0.6121,1.0,3.04,2,0.5523,0.722134
route-0507,15.296,58.8,2,1,2,3,2,2,0.6191,0.7756,1.0,4.95,1,0.6072,0.709107
route-0731,9.78,40.785,2,1,2,1,3,2,0.7383,0.5526,0.9782,4.36,1,0.6858,0.659174
route-0537,16.813,62.409,2,1,2,3,2,3,0.5843,0.7038,0.9741,7.06,1,0.6934,0.73129
route-0568,18.361,48.866,2,2,2,2,2,3,0.7665,0.7736,1.0,8.73,1,0.752,0.74
route-0674,17.365,80.367,1,1,2,1,1,2,0.5839,0.6835,0.511,8.71,1,0.6385,0.577063
route-0564,14.998,47.633,2,2,2,3,2,2,0.6545,0.721,0.9614,4.43,1,0.5509,0.730439
route-0525,16.176,69.935,2,1,1,2,2,2,0.6498,0.6101,0.96,9.0,1,0.5847,0.650595
route-0603,16.936,53.965,1,2,3,1,2,3,0.5851,0.7035,0.5195,6.01,2,0.6543,0.686111
route-0712,16.076,72.409,1,2,1,2,2,3,0.7288,0.5522,0.6262,4.44,2,0.5946,0.67416
route-0536,17.943,96.651,2,1,2,3,1,2,0.6302,0.7437,1.0,6.72,2,0.6801,0.721054
route-0692,11.088,45.2,2,1,2,3,1,2,0.7263,0.5867,1.0,8.18,1,0.7559,0.651593
route-0517,18.217,92.149,2,2,2,2,3,3,0.7708,0.7333,1.0,7.77,1,0.7331,0.74
route-0622,17.533,88.506,2,1,2,1,3,3,0.7448,0.7744,1.0,5.37,1,0.7062,0.74
route-0504,10.78,41.602,2,1,1,2,1,2,0.6155,0.7107,1.0,3.78,1,0.6629,0.593552
route-0723,15.713,61.688,2,2,3,2,2,2,0.5614,0.6383,0.9626,4.78,1,0.5774,0.738672
route-0698,13.546,68.07,2,1,3,2,3,2,0.6807,0.7766,1.0,3.41,1,0.736,0.74
route-0743,17.992,64.204,2,1,2,2,2,2,0.646,0.7783,1.0,3.27,2,0.6696,0.707894
route-0545,10.682,40.775,1,2,3,1,1,2,0.6165,0.7722,0.4501,9.07,2,0.6609,0.600099
route-0523,18.696,47.738,1,1,3,2,2,3,0.5696,0.6043,0.6538,5.34,1,0.7029,0.674783
route-0665,13.554,39.734,2,2,2,2,2,3,0.677,0.5479,0.9623,4.55,1,0.559,0.71018
route-0700,13.514,54.056,2,1,2,2,1,2,0.6287,0.7109,0.9944,5.27,1,0.6464,0.63886
route-0725,9.37,25.377,2,1,2,1,1,2,0.7409,0.6162,1.0,5.06,1,0.6295,0.580154
route-0505,17.064,83.907,2,1,2,1,2,3,0.6626,0.7479,1.0,6.66,1,0.6473,0.701297
route-0531,14.955,58.786,2,2,2,2,3,2,0.7196,0.5295,1.0,4.25,2,0.7291,0.74
route-0728,9.049,27.183,2,1,2,1,1,2,0.5673,0.5922,1.0,8.28,1,0.6121,0.56392
route-0651,12.743,67.402,2,2,2,2,1,2,0.7431,0.5453,1.0,5.82,2,0.6326,0.688709
route-0668,14.374,73.084,2,1,3,2,3,3,0.6767,0.7287,1.0,4.75,2,0.6838,0.74
route-0570,14.355,49.624,1,2,2,1,3,2,0.7458,0.7711,0.6892,4.36,1,0.5687,0.665964
route-0678,14.778,65.202,2,2,2,1,2,2,0.7265,0.5987,1.0,6.13,1,0.7738,0.693461
route-0502,14.903,72.583,1,2,2,1,1,2,0.7017,0.6271,0.7079,6.86,2,0.5513,0.617426
route-0590,9.776,38.339,1,2,2,3,2,2,0.7143,0.75,0.5937,5.87,1,0.561,0.657586
route-0632,18.873,99.315,2,2,1,2,2,2,0.7116,0.5835,0.9838,5.11,2,0.7142,0.736535
route-0629,18.827,55.218,2,1,1,1,2,2,0.7674,0.5329,1.0,5.2,1,0.6498,0.632248
route-0620,16.254,79.001,1,2,2,1,3,2,0.7593,0.708,0.6458,7.25,1,0.7306,0.69143
route-0663,10.669,28.729,2,1,2,1,3,2,0.5937,0.7281,1.0,6.46,2,0.6681,0.653964
route-0611,14.671,67.24,1,1,2,1,3,2,0.6097,0.7526,0.5604,7.07,1,0.6936,0.63414
route-0675,17.228,80.288,1,2,2,1,1,2,0.6322,0.6724,0.482,9.0,1,0.7616,0.6134
route-0666,17.836,73.518,1,2,1,2,1,3,0.5503,0.5973,0.6134,5.4,1,0.5691,0.627379
route-0578,16.919,82.162,2,1,3,3,1,2,0.7462,0.5084,0.9875,8.68,1,0.6203,0.721856
route-0707,15.335,77.27,2,1,2,3,1,2,0.6769,0.5321,1.0,9.18,1,0.6306,0.680033
route-0704,18.717,70.891,2,1,2,2,1,2,0.6655,0.743,1.0,7.22,1,0.6549,0.667018
route-0544,9.186,38.691,2,1,2,2,2,3,0.6526,0.737,1.0,8.09,1,0.5827,0.664987
route-0676,15.045,43.506,1,2,2,2,3,2,0.7554,0.6924,0.6187,4.87,1,0.7513,0.68942
route-0659,11.523,41.8,2,2,2,2,1,2,0.5531,0.6545,1.0,5.15,2,0.7205,0.660396
route-0577,14.126,48.462,1,2,2,2,3,3,0.6591,0.6444,0.6622,7.92,1,0.7162,0.700941
route-0566,14.547,60.512,1,2,3,2,3,3,0.5601,0.5083,0.5034,4.13,1,0.7536,0.734263
route-0522,17.709,55.021,2,1,2,3,3,2,0.7502,0.5432,1.0,8.32,2,0.5783,0.74
route-0740,18.904,53.725,1,1,2,1,1,2,0.6272,0.6374,0.5447,6.55,2,0.7026,0.575074
route-0667,14.493,81.441,2,1,3,2,2,2,0.7377,0.7307,1.0,9.27,2,0.5906,0.733747
route-0730,11.805,36.832,2,2,2,1,2,2,0.569,0.6564,1.0,7.29,2,0.7191,0.65974
route-0600,12.815,38.636,2,1,3,1,1,2,0.7693,0.5146,1.0,9.1,1,0.5789,0.620463
route-0699,18.786,86.388,1,1,2,1,3,2,0.608,0.5493,0.4883,4.78,1,0.5688,0.652912
route-0710,18.735,45.076,1,2,1,3,1,3,0.7748,0.5486,0.6941,6.36,1,0.6506,0.648101
route-0628,11.911,38.001,1,1,2,2,3,3,0.6333,0.7397,0.4775,8.11,1,0.7474,0.649529
route-0617,18.391,52.696,2,1,3,2,3,2,0.5829,0.6456,1.0,8.57,2,0.6661,0.74
route-0636,10.399,57.954,2,2,2,2,3,2,0.7385,0.5664,1.0,4.95,2,0.7415,0.74
route-0634,10.173,26.066,2,1,1,3,2,2,0.5796,0.5577,0.9935,6.66,1,0.7458,0.628973
route-0694,16.631,86.573,2,1,1,3,1,2,0.6422,0.74,1.0,3.84,1,0.6343,0.675439
route-0511,15.558,44.947,2,2,3,2,3,3,0.7089,0.7697,1.0,8.23,1,0.5702,0.74
route-0580,9.322,36.67,1,1,2,3,2,2,0.5647,0.6082,0.5782,5.14,1,0.7712,0.614884
route-0579,13.998,60.199,2,2,2,2,2,2,0.7231,0.7136,1.0,4.95,2,0.685,0.726223
route-0528,12.015,26.317,1,2,3,2,3,3,0.5992,0.6433,0.5343,5.21,1,0.6962,0.703679
route-0561,18.044,60.598,1,2,2,3,2,3,0.6523,0.5681,0.6652,3.39,2,0.6217,0.727175
route-0685,14.542,45.989,2,2,2,3,1,2,0.6699,0.7738,0.9838,4.38,1,0.6924,0.701964
route-0696,17.531,89.739,2,2,2,3,1,2,0.7511,0.6874,1.0,6.05,1,0.6731,0.74
route-0519,11.347,43.726,2,1,1,2,2,2,0.5865,0.7318,1.0,3.21,2,0.5646,0.635454
route-0526,18.777,101.138,2,2,3,3,3,3,0.7509,0.702,1.0,5.24,2,0.7402,0.74
route-0721,10.146,25.198,2,2,2,2,1,2,0.7011,0.6041,1.0,3.79,1,0.6233,0.641659
route-0669,16.529,58.069,1,2,2,3,2,2,0.5715,0.5508,0.5,8.61,1,0.5934,0.670401
route-0690,16.961,79.247,2,1,2,2,1,3,0.5681,0.6753,1.0,4.51,1,0.5996,0.686527
route-0729,10.378,42.007,2,1,2,2,1,3,0.6965,0.6871,1.0,4.56,1,0.6599,0.647149
route-0543,16.521,89.716,2,1,3,3,1,2,0.6232,0.6549,0.9677,3.19,1,0.6957,0.73556
route-0623,14.198,41.589,2,1,1,3,1,3,0.6227,0.7285,1.0,4.42,1,0.7064,0.653026
route-0625,18.665,55.455,1,2,2,2,3,2,0.7192,0.7585,0.6595,8.57,2,0.7173,0.711403
route-0630,16.226,71.011,1,1,1,2,2,2,0.7082,0.7673,0.6263,5.44,1,0.7091,0.617493
route-0662,10.917,54.906,2,2,2,2,2,3,0.577,0.6221,1.0,6.4,2,0.7691,0.723462
route-0532,10.466,43.348,2,2,1,1,1,2,0.6595,0.6249,1.0,6.42,1,0.6853,0.595215
route-0512,10.908,32.464,1,1,1,2,2,3,0.6994,0.622,0.619,8.14,1,0.5939,0.580126
route-0560,16.952,88.02,2,1,2,1,2,3,0.6852,0.5302,0.9533,7.64,1,0.6864,0.696229
route-0649,14.155,46.183,1,2,3,1,2,2,0.6559,0.5835,0.4789,5.27,2,0.7162,0.651881
route-0850,21.4,61.955,2,2,2,2,3,3,0.783,0.8341,0.87,3.35,1,0.9528,0.870654
route-0957,19.182,76.74,2,2,3,2,3,2,0.7534,0.9353,0.8847,7.45,1,0.747,0.875251
route-0923,12.613,50.935,2,2,3,2,3,2,0.7768,0.74,0.9016,5.44,2,0.7716,0.840148
route-0941,23.517,117.487,2,2,3,3,3,3,0.8822,0.8722,0.9875,5.54,2,0.9538,0.94
route-0796,18.485,79.664,2,2,2,3,3,2,0.7751,0.8417,0.8881,3.35,2,0.769,0.888705
route-0990,20.591,70.16,2,2,3,3,3,3,0.9619,0.7449,1.0,6.67,1,0.933,0.94
route-0956,19.463,71.598,2,2,2,2,3,3,0.9544,0.7282,1.0,7.11,1,0.7312,0.871982
route-0866,15.539,70.045,2,2,3,3,3,3,0.8627,0.8589,0.9258,5.89,1,0.8279,0.924167
route-0868,14.489,36.956,2,2,3,3,3,3,0.9327,0.7418,0.9937,4.16,2,0.8322,0.905932
route-0972,19.357,62.705,2,2,2,2,3,3,0.7831,0.9174,0.9923,6.63,1,0.9482,0.866058
route-0966,17.118,90.699,2,2,2,3,3,2,0.8022,0.8298,0.8878,5.48,1,0.791,0.883169
route-0848,19.912,86.916,2,2,2,3,3,2,0.9181,0.7872,0.9121,3.46,1,0.9113,0.90235
route-0851,21.687,103.082,2,2,3,3,3,3,0.8196,0.9024,0.9085,4.77,2,0.9057,0.94
route-0939,15.855,46.072,2,2,2,3,3,3,0.7958,0.9531,0.9114,5.72,2,0.9438,0.88071
route-0949,14.384,45.054,2,2,3,3,3,2,0.9729,0.8416,0.9625,5.32,1,0.7591,0.880136
route-0899,14.817,50.266,2,2,3,2,3,3,0.9682,0.7496,0.9333,3.95,2,0.7466,0.886919
route-0970,20.593,115.746,2,2,3,3,3,3,0.814,0.9502,1.0,4.33,1,0.9362,0.94
route-0835,14.667,70.735,2,2,3,3,3,3,0.8154,0.8887,0.9511,4.72,2,0.9584,0.936218
route-0936,16.433,87.104,2,2,3,2,3,3,0.9526,0.7378,1.0,6.3,1,0.9178,0.917673
route-0917,16.536,52.615,2,2,3,3,3,2,0.8609,0.8362,0.9308,6.01,2,0.7355,0.892302
route-0771,17.985,65.037,2,2,2,3,3,3,0.7552,0.9171,0.9164,6.73,2,0.8137,0.895353
route-0800,20.715,100.336,2,2,3,3,3,2,0.9705,0.9582,0.9605,7.49,1,0.8713,0.94
route-0843,22.563,114.358,2,2,3,3,3,3,0.9546,0.8553,0.8966,4.31,2,0.8844,0.94
route-0823,18.521,60.295,2,2,3,2,3,2,0.9715,0.9352,0.9922,4.89,1,0.8273,0.883355
route-0934,22.277,57.879,2,2,2,2,3,2,0.8249,0.8351,0.9854,5.11,1,0.9531,0.848581
route-0808,19.098,92.924,2,2,3,2,3,3,0.767,0.941,1.0,7.1,1,0.8714,0.923868
route-0803,12.956,66.68,2,2,3,3,3,2,0.9003,0.8653,0.9418,4.88,2,0.8566,0.903846
route-0940,19.707,112.287,2,2,3,3,3,3,0.9413,0.7345,1.0,4.68,1,0.8558,0.94
route-0904,20.786,91.683,2,2,2,3,3,3,0.7883,0.8701,0.9795,7.28,1,0.7255,0.918462
route-0865,12.64,38.25,2,2,3,3,3,2,0.7823,0.7957,0.9062,3.85,2,0.9321,0.869365
route-0840,23.514,90.235,2,2,2,3,3,3,0.8611,0.8532,0.9883,6.3,2,0.9411,0.94
route-0751,18.787,49.323,2,2,3,2,3,3,0.8427,0.7214,0.9992,6.94,1,0.8305,0.878752
route-0995,20.318,85.242,2,2,3,3,3,2,0.8832,0.7432,1.0,7.43,2,0.89,0.935942
route-0827,12.548,55.732,2,2,3,3,3,2,0.9514,0.8486,0.9947,3.5,2,0.9524,0.90251
route-0898,19.498,78.964,2,2,2,3,3,3,0.8493,0.959,0.8737,7.38,2,0.8535,0.918653
route-0888,14.103,62.937,2,2,3,2,3,2,0.7833,0.8384,1.0,4.55,2,0.8299,0.866784
route-0783,20.373,58.992,2,2,3,2,3,2,0.9571,0.8893,0.9695,4.26,2,0.7689,0.893214
route-0903,18.962,83.527,2,2,3,3,3,3,0.8964,0.8685,0.8922,5.79,1,0.9597,0.94
route-0780,12.179,65.211,2,2,3,2,3,2,0.763,0.8253,0.9152,4.41,1,0.8646,0.8501
route-0844,23.424,128.281,2,2,3,3,3,3,0.8586,0.7705,0.9228,6.36,2,0.9591,0.94
route-0933,15.538,63.544,2,2,3,2,3,3,0.9319,0.7982,0.9596,3.9,2,0.7716,0.902553
route-0912,15.96,80.087,2,2,3,2,3,3,0.8631,0.7787,0.9116,4.33,2,0.8267,0.912825
route-0952,17.21,57.562,2,2,3,3,3,2,0.7694,0.8745,0.9323,5.12,2,0.9483,0.90212
route-0997,12.638,33.312,2,2,3,3,3,3,0.8503,0.9488,0.8974,5.52,2,0.8542,0.893597
route-0929,19.314,57.186,2,2,3,3,3,2,0.786,0.9039,0.9957,6.84,2,0.8664,0.907059
route-0776,12.427,32.667,2,2,3,2,3,3,0.8492,0.7928,1.0,7.37,2,0.7251,0.852443
route-0942,18.381,61.607,2,2,3,2,3,3,0.8903,0.9583,0.9903,6.45,2,0.8234,0.910234
route-0858,12.458,35.353,2,2,2,3,3,3,0.9123,0.7625,1.0,3.37,1,0.9202,0.858962
route-0892,12.586,47.188,2,2,3,3,3,2,0.8132,0.8853,0.8997,5.26,2,0.731,0.874141
route-0838,19.398,100.312,2,2,3,3,3,3,0.9249,0.7341,0.9489,4.85,2,0.8977,0.94
route-0883,17.069,85.297,2,2,2,3,3,3,0.9207,0.7478,0.9991,7.09,2,0.8405,0.918684
route-0767,14.397,44.28,2,2,3,3,3,3,0.8158,0.7683,0.8959,6.66,2,0.9141,0.899568
route-0907,21.561,103.595,2,2,3,3,3,3,0.9348,0.9211,1.0,7.09,1,0.7788,0.94
route-0756,16.855,76.261,2,2,2,2,3,3,0.939,0.8835,1.0,5.78,2,0.8238,0.887375
route-0880,13.657,50.675,2,2,2,2,3,2,0.8501,0.8015,0.9746,4.92,2,0.7884,0.820536
route-0905,21.479,118.281,2,2,3,3,3,3,0.9456,0.7587,0.9291,6.94,1,0.7621,0.94
route-0976,23.748,126.056,2,2,3,3,3,3,0.8377,0.9339,0.8881,5.1,1,0.8604,0.94
route-0989,18.459,61.056,2,2,3,3,3,3,0.7957,0.7417,0.9657,6.95,1,0.8171,0.915305
route-0986,13.066,35.842,2,2,3,3,3,3,0.9352,0.9518,0.9206,4.38,2,0.9394,0.908267
route-0992,20.341,90.442,2,2,2,2,3,2,0.899,0.7718,0.872,4.1,2,0.725,0.875767
route-0799,14.538,37.136,2,2,3,3,3,3,0.8669,0.8596,0.925,3.97,2,0.9194,0.906599
route-0861,12.738,48.198,2,2,2,3,3,2,0.8113,0.7614,0.8771,5.74,2,0.8853,0.839601
route-0980,19.988,51.677,2,2,2,3,3,3,0.8895,0.8557,0.9671,6.92,2,0.8802,0.89892
route-0822,16.184,71.199,2,2,3,3,3,2,0.9434,0.93,0.9769,5.21,2,0.8712,0.924104
route-0839,12.438,50.74,2,2,3,3,3,3,0.9504,0.7844,0.9035,5.53,2,0.8373,0.909152
route-0913,20.395,74.073,2,2,3,3,3,3,0.9251,0.7555,0.9161,3.99,1,0.809,0.94
route-0948,16.264,63.095,2,2,2,3,3,2,0.7558,0.9282,1.0,3.94,2,0.7318,0.870519
route-0819,22.531,89.729,2,2,2,3,3,3,0.8066,0.8607,1.0,3.99,1,0.767,0.931234
route-0874,14.382,72.831,2,2,3,2,3,2,0.8266,0.9504,1.0,4.39,2,0.9038,0.886007
route-0862,19.624,77.696,2,2,2,3,3,3,0.8307,0.8019,0.9609,6.13,2,0.8559,0.916633
route-0872,16.479,67.609,2,2,3,3,3,3,0.819,0.953,1.0,6.43,2,0.9362,0.939313
route-0821,17.212,55.321,2,2,3,3,3,3,0.9133,0.7293,0.9801,5.76,1,0.8714,0.917696
route-0864,16.494,47.523,2,2,2,3,3,2,0.9426,0.8742,1.0,3.86,2,0.9014,0.871779
route-0817,13.398,55.226,2,2,3,2,3,3,0.9173,0.7985,0.9511,4.24,1,0.8713,0.879977
route-0824,17.098,86.766,2,2,2,3,3,3,0.7761,0.8873,0.9828,6.48,2,0.8361,0.916427
route-0906,23.057,130.927,2,2,3,2,3,3,0.9557,0.7697,0.9438,4.1,1,0.8648,0.94
route-0870,20.415,70.384,2,2,3,3,3,2,0.8469,0.8003,0.9737,3.45,1,0.9392,0.92137
route-0909,22.6,76.936,2,2,3,2,3,3,0.8988,0.8482,0.8738,5.16,2,0.8942,0.933981
route-0930,23.48,80.748,2,2,3,3,3,3,0.9293,0.7847,1.0,5.12,2,0.9255,0.94
route-0891,19.835,93.503,2,2,2,3,3,2,0.8813,0.9588,0.9685,5.43,1,0.9105,0.910289
route-0834,17.102,65.843,2,2,3,2,3,3,0.8555,0.7439,1.0,5.59,2,0.8104,0.901772
route-0792,15.174,47.935,2,2,2,3,3,3,0.8512,0.8319,1.0,5.16,1,0.9226,0.874023
route-0795,15.808,82.525,2,2,3,3,3,2,0.9689,0.9581,1.0,3.07,1,0.9228,0.93334
route-0777,21.283,100.411,2,2,2,3,3,3,0.9068,0.8971,0.9584,3.23,2,0.9038,0.94
route-0765,21.547,112.302,2,2,2,2,3,3,0.9238,0.8208,0.8803,5.75,2,0.7475,0.913866
route-0815,21.588,111.405,2,2,2,3,3,2,0.7967,0.946,0.9614,6.29,2,0.845,0.921158
route-0829,19.859,100.554,2,2,3,2,3,3,0.7956,0.7577,0.9557,6.87,2,0.775,0.93317
route-0978,19.979,65.32,2,2,3,3,3,3,0.8968,0.9276,0.9148,6.26,1,0.7862,0.935876
route-0820,17.814,56.063,2,2,2,3,3,3,0.7803,0.8723,0.8842,5.32,2,0.8936,0.89034
route-0774,14.451,71.487,2,2,3,3,3,3,0.8042,0.7375,1.0,7.07,1,0.8887,0.916005
route-0944,17.189,56.602,2,2,2,3,3,3,0.7515,0.9188,0.873,4.01,2,0.8225,0.888984
route-1000,22.512,98.275,2,2,3,2,3,3,0.885,0.9271,1.0,3.24,2,0.9011,0.94
route-0764,20.795,113.166,2,2,2,2,3,3,0.8649,0.883,0.9218,4.04,1,0.9052,0.910106
route-0847,19.546,82.364,2,2,2,3,3,3,0.8844,0.7934,0.9699,4.81,2,0.7811,0.924703
route-0811,15.568,54.299,2,2,3,2,3,3,0.9564,0.8592,1.0,4.92,2,0.7975,0.898153
route-0968,21.311,89.255,2,2,2,3,3,3,0.8709,0.9072,0.9601,5.39,2,0.7313,0.936895
route-0856,23.059,103.509,2,2,3,3,3,2,0.8132,0.8349,0.877,6.13,2,0.7807,0.94
route-0897,17.838,45.389,2,2,3,2,3,2,0.9765,0.8086,0.9167,4.42,2,0.8819,0.872065
route-0996,13.258,57.306,2,2,3,2,3,3,0.915,0.8748,0.9587,7.43,2,0.8317,0.886219
route-0860,20.064,92.845,2,2,3,3,3,2,0.9161,0.8079,0.8723,5.99,2,0.8199,0.94
route-0876,13.082,61.35,2,2,2,2,3,3,0.9445,0.8098,0.9464,4.55,2,0.833,0.860435
route-0787,15.662,49.41,2,2,3,3,3,2,0.9235,0.8007,1.0,4.18,2,0.9008,0.900115
route-0830,22.928,63.8,2,2,3,3,3,2,0.9187,0.9456,0.8758,3.09,2,0.9457,0.939477
route-0896,22.252,60.182,2,2,3,2,3,3,0.7891,0.8136,0.9345,5.97,2,0.8571,0.908775
route-0918,14.477,78.265,2,2,2,3,3,3,0.9315,0.876,0.927,5.07,2,0.939,0.913727
route-0831,16.775,47.835,2,2,3,2,3,2,0.8193,0.7752,0.9936,4.11,2,0.7854,0.860481
route-0999,19.173,82.598,2,2,3,3,3,2,0.7995,0.8285,0.9561,6.04,2,0.7993,0.926368
route-0979,18.094,79.203,2,2,3,3,3,3,0.7691,0.7443,0.999,4.09,2,0.8388,0.94
route-0849,21.193,63.509,2,2,3,3,3,3,0.8138,0.9138,1.0,6.01,2,0.8336,0.94
route-0971,22.725,124.098,2,2,3,3,3,2,0.9658,0.7201,0.9102,5.5,2,0.7948,0.94
route-0937,19.078,97.597,2,2,3,2,3,3,0.8508,0.7987,0.9575,5.97,1,0.8536,0.928438
route-0987,16.873,65.415,2,2,3,3,3,3,0.924,0.7685,1.0,5.18,1,0.8009,0.928005
route-0877,20.385,58.787,2,2,3,3,3,3,0.9124,0.9031,0.8853,3.58,2,0.9031,0.94
route-0928,20.244,69.384,2,2,2,2,3,2,0.799,0.8404,0.9212,5.39,1,0.7447,0.842792
route-0926,18.386,45.4,2,2,3,3,3,3,0.8657,0.8702,0.8878,6.4,2,0.7637,0.915858
route-0921,22.29,107.92,2,2,2,3,3,3,0.7908,0.9551,0.9125,4.25,2,0.8983,0.94
route-0993,22.055,118.948,2,2,3,3,3,3,0.7942,0.7647,0.953,4.8,2,0.8581,0.94
route-0769,16.089,58.107,2,2,3,3,3,3,0.8715,0.7656,0.9032,6.72,2,0.8402,0.919076
route-0786,22.255,58.276,2,2,3,3,3,2,0.8385,0.7307,0.9029,3.83,2,0.8235,0.915423
route-0889,23.025,117.426,2,2,3,3,3,3,0.7593,0.7984,0.8761,5.74,2,0.8937,0.94
route-0975,18.291,48.98,2,2,3,3,3,3,0.9019,0.7917,0.89,6.34,1,0.829,0.911104
route-0973,21.436,114.931,2,2,3,3,3,3,0.7945,0.9202,0.8813,7.34,2,0.7863,0.94
route-0807,22.403,120.533,2,2,3,3,3,3,0.8425,0.8537,0.9839,3.54,1,0.9354,0.94
route-0854,16.388,60.134,2,2,3,3,3,3,0.8475,0.8681,1.0,7.14,2,0.7658,0.924765
route-0863,13.395,42.301,2,2,2,2,3,3,0.7927,0.8619,1.0,6.45,1,0.9093,0.827144
route-0938,20.275,63.849,2,2,2,2,3,3,0.92,0.9497,0.9278,6.48,2,0.8993,0.885704
route-0900,22.379,100.822,2,2,3,3,3,3,0.831,0.7723,1.0,4.25,2,0.9049,0.94
route-0826,15.139,68.501,2,2,3,3,3,3,0.8478,0.7826,0.8787,5.18,2,0.7725,0.92509
route-0901,19.971,67.55,2,2,3,3,3,3,0.8655,0.8478,0.906,4.82,2,0.9016,0.94
route-0818,21.325,98.221,2,2,3,3,3,3,0.8497,0.9438,0.9971,4.43,1,0.9219,0.94
route-0869,13.384,34.243,2,2,3,3,3,2,0.7822,0.8608,0.9296,4.7,2,0.8612,0.867578
route-0804,13.503,36.648,2,2,3,2,3,3,0.8845,0.7532,0.9116,4.29,2,0.7953,0.864978
route-0785,19.799,52.327,2,2,3,2,3,2,0.9424,0.7849,0.9641,4.35,2,0.9516,0.8852
route-0779,12.695,72.138,2,2,2,2,3,3,0.8022,0.8994,1.0,6.57,1,0.8563,0.852739
route-0895,17.049,50.182,2,2,3,3,3,3,0.8594,0.8538,0.9249,4.44,2,0.9174,0.92462
route-0836,23.417,100.368,2,2,3,3,3,2,0.8015,0.954,0.9336,4.04,2,0.8088,0.94
route-0890,13.213,43.423,2,2,3,3,3,2,0.9633,0.8998,0.9376,3.1,2,0.9481,0.894445
route-0902,23.095,63.948,2,2,2,2,3,3,0.7508,0.9192,0.9921,5.95,2,0.884,0.885413
route-0794,13.527,52.555,2,2,3,2,3,2,0.9009,0.7758,0.9747,3.83,2,0.8416,0.861547
route-0813,13.423,73.365,2,2,3,3,3,3,0.9536,0.7892,1.0,7.45,1,0.9008,0.925689
route-0759,13.442,48.47,2,2,3,2,3,3,0.7578,0.8761,0.9752,5.0,2,0.9379,0.876907
route-0837,19.714,57.354,2,2,3,2,3,3,0.7719,0.7606,1.0,5.2,1,0.78,0.887932
route-0873,17.052,94.22,2,2,3,3,3,3,0.7566,0.8429,1.0,6.99,2,0.9517,0.94
route-0983,19.537,98.962,2,2,3,3,3,2,0.8804,0.7258,1.0,3.44,1,0.941,0.94
route-0964,16.868,59.861,2,2,2,3,3,3,0.8756,0.7483,0.9147,6.46,2,0.9417,0.89271
route-0846,20.329,64.763,2,2,3,3,3,3,0.7641,0.8325,0.895,4.58,1,0.8542,0.928851
route-0916,20.945,87.051,2,2,3,3,3,3,0.957,0.9534,0.973,5.64,2,0.8403,0.94
route-0879,22.627,103.07,2,2,2,2,3,3,0.8282,0.9176,0.9677,6.38,2,0.9395,0.921857
route-0798,22.769,63.633,2,2,3,3,3,3,0.7572,0.8084,0.9165,3.68,2,0.8619,0.94
route-0914,15.495,44.433,2,2,3,2,3,3,0.8201,0.8911,0.9777,3.69,2,0.9132,0.886046
